{
    "robot_root_name": "pelvis",
    "human_root_name": "Hips",
    "ground_height": -0.05,
    "human_height_assumption": 1.8,
    "use_ik_match_table1": true,
    "use_ik_match_table2": true,
    "human_scale_table": {
        "Hips": 1.0,
        "LeftUpLeg": 1.0,
        "RightUpLeg": 1.0,
        "LeftLeg": 1.0,
        "RightLeg": 1.0,
        "LeftFootMod": 1.0,
        "RightFootMod": 1.0,
        "Spine2": 1.0,
        "LeftArm": 1.0,
        "RightArm": 1.0,
        "LeftForeArm": 1.0,
        "RightForeArm": 1.0
    },
    "ik_match_table1": {
        "pelvis": [
            "Hips",
            100,
            50,
            [
                0.0,
                0.0,
                0.0
            ],
            [
                -0.46209420543742546,
                -0.5027952235322474,
                -0.5097702266331879,
                -0.5232592326301182
            ]
        ],
        "left_hip_yaw_link": [
            "LeftUpLeg",
            2,
            25,
            [
                0.0,
                0.0,
                0.0
            ],
            [
                0.5038816625067342,
                0.515403069502574,
                -0.4545789193424485,
                -0.5232790385886161
            ]
        ],
        "right_hip_yaw_link": [
            "RightUpLeg",
            2,
            25,
            [
                0.0,
                0.0,
                0.0
            ],
            [
                -0.4065841731126654,
                -0.5755984643772557,
                -0.4619880875371073,
                -0.5384632995429136
            ]
        ],
        "left_knee_link": [
            "LeftLeg",
            15,
            25,
            [
                0.0,
                0.0,
                0.0
            ],
            [
                0.4520090294799531,
                0.46999145561451083,
                -0.5013910084152083,
                -0.5686852605776985
            ]
        ],
        "right_knee_link": [
            "RightLeg",
            15,
            25,
            [
                0.0,
                0.0,
                0.0
            ],
            [
                -0.4468595344397745,
                -0.6094772570079224,
                -0.41627449765531366,
                -0.5055388929372133
            ]
        ],
        "left_ankle_link": [
            "LeftFootMod",
            60,
            20,
            [
                0.0,
                0.0,
                0.0
            ],
            [
                0.6909718202113594,
                0.7144405284394811,
                -0.09782101390275383,
                -0.05063323252522316
            ]
        ],
        "right_ankle_link": [
            "RightFootMod",
            60,
            20,
            [
                0.0,
                0.0,
                0.0
            ],
            [
                -0.010780763826506256,
                -0.16560562882720548,
                -0.7033177810112836,
                -0.6912327030352565
            ]
        ],
        "torso_link": [
            "Spine2",
            10,
            25,
            [
                0.0,
                0.0,
                0.0
            ],
            [
                -0.3951796624015345,
                -0.4454943886563246,
                -0.5642340525435243,
                -0.5718458866252761
            ]
        ],
        "left_shoulder_yaw_link": [
            "LeftArm",
            2,
            28,
            [
                0.0,
                0.0,
                0.0
            ],
            [
                0.0845807094537117,
                -0.7376846663620286,
                -0.2938099687718182,
                0.6019494487520963
            ]
        ],
        "right_shoulder_yaw_link": [
            "RightArm",
            2,
            28,
            [
                0.0,
                0.0,
                0.0
            ],
            [
                -0.44935922426714525,
                0.5621540009358046,
                -0.2177256608211645,
                0.6592834772826363
            ]
        ],
        "left_elbow_link": [
            "LeftForeArm",
            5,
            30,
            [
                0.0,
                0.0,
                0.0
            ],
            [
                0.24113547580898992,
                -0.7891786082067053,
                -0.08773980846983308,
                0.5579897245155833
            ]
        ],
        "right_elbow_link": [
            "RightForeArm",
            5,
            30,
            [
                0.0,
                0.0,
                0.0
            ],
            [
                -0.23102208619090897,
                0.47101503624748176,
                -0.37625511469786715,
                0.7636790687091526
            ]
        ]
    },
    "ik_match_table2": {
        "pelvis": [
            "Hips",
            100,
            50,
            [
                0.0,
                0.0,
                0.0
            ],
            [
                -0.46209420543742546,
                -0.5027952235322474,
                -0.5097702266331879,
                -0.5232592326301182
            ]
        ],
        "left_hip_yaw_link": [
            "LeftUpLeg",
            2,
            25,
            [
                0.0,
                0.0,
                0.0
            ],
            [
                0.5038816625067342,
                0.515403069502574,
                -0.4545789193424485,
                -0.5232790385886161
            ]
        ],
        "right_hip_yaw_link": [
            "RightUpLeg",
            2,
            25,
            [
                0.0,
                0.0,
                0.0
            ],
            [
                -0.4065841731126654,
                -0.5755984643772557,
                -0.4619880875371073,
                -0.5384632995429136
            ]
        ],
        "left_knee_link": [
            "LeftLeg",
            15,
            25,
            [
                0.0,
                0.0,
                0.0
            ],
            [
                0.4520090294799531,
                0.46999145561451083,
                -0.5013910084152083,
                -0.5686852605776985
            ]
        ],
        "right_knee_link": [
            "RightLeg",
            15,
            25,
            [
                0.0,
                0.0,
                0.0
            ],
            [
                -0.4468595344397745,
                -0.6094772570079224,
                -0.41627449765531366,
                -0.5055388929372133
            ]
        ],
        "left_ankle_link": [
            "LeftFootMod",
            60,
            20,
            [
                0.0,
                0.0,
                0.0
            ],
            [
                0.6909718202113594,
                0.7144405284394811,
                -0.09782101390275383,
                -0.05063323252522316
            ]
        ],
        "right_ankle_link": [
            "RightFootMod",
            60,
            20,
            [
                0.0,
                0.0,
                0.0
            ],
            [
                -0.010780763826506256,
                -0.16560562882720548,
                -0.7033177810112836,
                -0.6912327030352565
            ]
        ],
        "torso_link": [
            "Spine2",
            10,
            25,
            [
                0.0,
                0.0,
                0.0
            ],
            [
                -0.3951796624015345,
                -0.4454943886563246,
                -0.5642340525435243,
                -0.5718458866252761
            ]
        ],